INSERT INTO tb_usuario (profissao_id, nome, email, colaborador, password) VALUES (0, 'Gen', 'gen@mail.com', '0', '$2a$10$NYFZ/8WaQ3Qb6FCs.00jce4nxX9w7AkgWVsQCG6oUwTAcZqP9Flqu');
INSERT INTO tb_usuario (profissao_id, nome, email, colaborador, password) VALUES (1, 'Jos', 'jos@mail.com', '1', '$2a$10$NYFZ/8WaQ3Qb6FCs.00jce4nxX9w7AkgWVsQCG6oUwTAcZqP9Flqu');
INSERT INTO tb_usuario (profissao_id, nome, email, colaborador, password) VALUES (2, 'Bob', 'bob@mail.com', '1', '$2a$10$NYFZ/8WaQ3Qb6FCs.00jce4nxX9w7AkgWVsQCG6oUwTAcZqP9Flqu');
INSERT INTO tb_usuario (profissao_id, nome, email, colaborador, password) VALUES (3, 'Will', 'will@mail.com', '1', '$2a$10$NYFZ/8WaQ3Qb6FCs.00jce4nxX9w7AkgWVsQCG6oUwTAcZqP9Flqu');
INSERT INTO tb_usuario (profissao_id, nome, email, colaborador, password) VALUES (4, 'Mary', 'mary@mail.com', '1', '$2a$10$NYFZ/8WaQ3Qb6FCs.00jce4nxX9w7AkgWVsQCG6oUwTAcZqP9Flqu');
INSERT INTO tb_usuario (profissao_id, nome, email, colaborador, password) VALUES (5, 'Melissa', 'mellissa@mail.com', '1', '$2a$10$NYFZ/8WaQ3Qb6FCs.00jce4nxX9w7AkgWVsQCG6oUwTAcZqP9Flqu');
INSERT INTO tb_usuario (profissao_id, nome, email, colaborador, password) VALUES (6, 'Erika', 'erika@mail.com', '1', '$2a$10$NYFZ/8WaQ3Qb6FCs.00jce4nxX9w7AkgWVsQCG6oUwTAcZqP9Flqu');
INSERT INTO tb_usuario (profissao_id, nome, email, colaborador, password) VALUES (7, 'Jasmin', 'jasmin@mail.com', '1', '$2a$10$NYFZ/8WaQ3Qb6FCs.00jce4nxX9w7AkgWVsQCG6oUwTAcZqP9Flqu');
INSERT INTO tb_usuario (profissao_id, nome, email, colaborador, password) VALUES (8, 'Helenna', 'helenna@mail.com', '1', '$2a$10$NYFZ/8WaQ3Qb6FCs.00jce4nxX9w7AkgWVsQCG6oUwTAcZqP9Flqu');
INSERT INTO tb_usuario (profissao_id, nome, email, colaborador, password) VALUES (9, 'Jorge', 'jorge@mail.com', '1', '$2a$10$NYFZ/8WaQ3Qb6FCs.00jce4nxX9w7AkgWVsQCG6oUwTAcZqP9Flqu');
INSERT INTO tb_usuario (profissao_id, nome, email, colaborador, password) VALUES (10, 'Petter', 'petter@mail.com', '1', '$2a$10$NYFZ/8WaQ3Qb6FCs.00jce4nxX9w7AkgWVsQCG6oUwTAcZqP9Flqu');
INSERT INTO tb_usuario (profissao_id, nome, email, colaborador, password) VALUES (11, 'Walter', 'walter@mail.com', '1', '$2a$10$NYFZ/8WaQ3Qb6FCs.00jce4nxX9w7AkgWVsQCG6oUwTAcZqP9Flqu');
INSERT INTO tb_usuario (profissao_id, nome, email, colaborador, password) VALUES (12, 'Hernry', 'henry@mail.com', '1', '$2a$10$NYFZ/8WaQ3Qb6FCs.00jce4nxX9w7AkgWVsQCG6oUwTAcZqP9Flqu');
INSERT INTO tb_usuario (profissao_id, nome, email, colaborador, password) VALUES (13, 'marta', 'marta@mail.com', '1', '$2a$10$NYFZ/8WaQ3Qb6FCs.00jce4nxX9w7AkgWVsQCG6oUwTAcZqP9Flqu');



INSERT INTO tb_role (role_name) VALUES ('ROLE_OPERATOR');
INSERT INTO tb_role (role_name) VALUES ('ROLE_ADMIN');


INSERT INTO tb_role_usuario (id_usuario, id_role) VALUES (1, 1);
INSERT INTO tb_role_usuario (id_usuario, id_role) VALUES (1, 2);
INSERT INTO tb_role_usuario (id_usuario, id_role) VALUES (2, 1);
INSERT INTO tb_role_usuario (id_usuario, id_role) VALUES (3, 1);
INSERT INTO tb_role_usuario (id_usuario, id_role) VALUES (4, 1);
INSERT INTO tb_role_usuario (id_usuario, id_role) VALUES (5, 1);
INSERT INTO tb_role_usuario (id_usuario, id_role) VALUES (6, 1);
INSERT INTO tb_role_usuario (id_usuario, id_role) VALUES (7, 1);
INSERT INTO tb_role_usuario (id_usuario, id_role) VALUES (8, 1);
INSERT INTO tb_role_usuario (id_usuario, id_role) VALUES (9, 1);
INSERT INTO tb_role_usuario (id_usuario, id_role) VALUES (10, 1);
INSERT INTO tb_role_usuario (id_usuario, id_role) VALUES (11, 1);
INSERT INTO tb_role_usuario (id_usuario, id_role) VALUES (12, 1);
INSERT INTO tb_role_usuario (id_usuario, id_role) VALUES (13, 1);







