INSERT INTO `tb_usuario` (`id`, `colaborador`, `cpf`, `email`, `bairro`, `cep`, `cidade`, `complemento`, `numero`, `rua`, `uf`, `matricula`, `nome`, `password`, `primeiro_acesso`, `profissao_id`, `rg`, `situacao_usuario`, `telefone`) VALUES
(1, '0', '27813149009', 'gen@mail.com', 'Colonial', '86047010', 'Londrina', 'FUNDOS', '288', 'Rua Padre Reinaldo Semprebom', 'PR', 'BR278131490', 'Gen', '$2a$10$NYFZ/8WaQ3Qb6FCs.00jce4nxX9w7AkgWVsQCG6oUwTAcZqP9Flqu', Null,'0', '385016153', 1, '43985412365'),
(2, '1', '77112227003', 'jos@mail.com', 'Cilo 2', '86067030', 'Londrina', 'ESTRADA RURAL', '25', 'Rua Londrina Esporte Clube', 'PR', 'BR771122270', 'Jos', '$2a$10$NYFZ/8WaQ3Qb6FCs.00jce4nxX9w7AkgWVsQCG6oUwTAcZqP9Flqu', Null,'1', '262968162', 1, '43958741236'),
(3, '1', '69266848042', 'bob@mail.com', 'Ernani Moura Lima', '86037090', 'Londrina', 'CASA VERDE', '988', 'Rua Dorival Cavassani', 'PR', 'BR692668480', 'Bob', '$2a$10$NYFZ/8WaQ3Qb6FCs.00jce4nxX9w7AkgWVsQCG6oUwTAcZqP9Flqu', Null,'2', '477619903', 1, '43952145698'),
(4, '1', '39469221044', 'will@mail.com', 'Colonial', '86047010', 'Londrina', 'RUA 14', '241', 'Rua Padre Reinaldo Semprebom', 'PR', 'BR394692210', 'Will', '$2a$10$NYFZ/8WaQ3Qb6FCs.00jce4nxX9w7AkgWVsQCG6oUwTAcZqP9Flqu', Null,'3', '145352742', 1, '43921456974'),
(5, '1', '93065540010', 'mary@mail.com', 'Nikko', '86047070', 'Londrina', 'CONDOMINIO VILAS BOAS', '987', 'Rua Doutor Carlos da Costa Branco', 'PR', 'BR930655400', 'Mary', '$2a$10$NYFZ/8WaQ3Qb6FCs.00jce4nxX9w7AkgWVsQCG6oUwTAcZqP9Flqu', Null,'4', '470091514', 1, '43985214984'),
(6, '1', '30763798010', 'mellissa@mail.com', 'Ernani Moura Lima', '86037060', 'Londrina', 'AP 12', '587', 'Rua Luzia Antônio Bretas', 'PR', 'BR307637980', 'Melissa', '$2a$10$NYFZ/8WaQ3Qb6FCs.00jce4nxX9w7AkgWVsQCG6oUwTAcZqP9Flqu', Null,'5','364773662', 1, '43952198563'),
(7, '1', '12683560001', 'erika@mail.com', 'João Paz', '86087010', 'Londrina', 'FUNDOS', '589', 'Rua Ângelo Ricardo Galdino', 'PR', 'BR126835600', 'Erika', '$2a$10$NYFZ/8WaQ3Qb6FCs.00jce4nxX9w7AkgWVsQCG6oUwTAcZqP9Flqu', Null,'6', '503592389', 1, '43987415263'),
(8, '1', '82864843048', 'jasmin@mail.com', 'Ouro Branco', '86042060', 'Londrina', 'PRÓXIMO PRAÇA CENTRAL', '298', 'Rua das Hortênsias', 'PR', 'BR828648430', 'Jasmin', '$2a$10$NYFZ/8WaQ3Qb6FCs.00jce4nxX9w7AkgWVsQCG6oUwTAcZqP9Flqu', Null,'7', '348731243', 1, '43965214789'),
(9, '1', '39602664053', 'helenna@mail.com', 'Esperança', '86058080', 'Londrina', 'CASA 5A', '12', 'Rua Domingos Massarutti', 'PR', 'BR396026640', 'Helenna', '$2a$10$NYFZ/8WaQ3Qb6FCs.00jce4nxX9w7AkgWVsQCG6oUwTAcZqP9Flqu', Null,'8', '207567104', 1, '43914569874'),
(10, '1', '79859615004', 'jorge@mail.com', 'Jardim Jóquei Club', '86067010', 'Londrina', 'FUNDOS', '1265', 'Rua Francisco Alves', 'PR', 'BR798596150', 'Jorge', '$2a$10$NYFZ/8WaQ3Qb6FCs.00jce4nxX9w7AkgWVsQCG6oUwTAcZqP9Flqu', Null,'9', '251441568', 1, '43921456987'),
(11, '1', '43821243015', 'petter@mail.com', 'Parque das Indústrias', '86043020', 'Londrina', 'CASA B', '296', 'Rua Firmino Lemes de Oliveira', 'PR', 'BR438212430', 'Petter', '$2a$10$NYFZ/8WaQ3Qb6FCs.00jce4nxX9w7AkgWVsQCG6oUwTAcZqP9Flqu', Null,'10', '302811680', 1, '43952145697'),
(12, '1', '21104735091', 'walter@mail.com', 'Conjunto Cafezal 1', '86049030', 'Londrina', 'CHACARA 3A', '99', 'Rua Archangelo Delallibera', 'PR', 'BR211047350', 'Walter', '$2a$10$NYFZ/8WaQ3Qb6FCs.00jce4nxX9w7AkgWVsQCG6oUwTAcZqP9Flqu', Null,'11', '379020439', 1, '43936547895'),
(13, '1', '57053554082', 'henry@mail.com', 'Olímpico', '86056080', 'Londrina', 'BL C -  AP 02', '65', 'Rua Henrique Bruneli', 'PR', 'BR570535540', 'Hernry', '$2a$10$NYFZ/8WaQ3Qb6FCs.00jce4nxX9w7AkgWVsQCG6oUwTAcZqP9Flqu', Null,'12', '177173476', 1, '43985632171'),
(14, '1', '31889244023', 'marta@mail.com', 'Nikko', '86047080', 'Londrina', 'BL B -  AP 15', '50', 'Rua Funcionários', 'PR', 'BR318892440', 'marta', '$2a$10$lM6k0xG1QvEy7WoN8fen9e6ng7Fvh1gaFi69CDbLB8wLb/W5Q2hNu', Null,'13', '147767891', 1, '43942654789');


INSERT INTO tb_role (role_name) VALUES ('ROLE_OPERATOR');
INSERT INTO tb_role (role_name) VALUES ('ROLE_ADMIN');


INSERT INTO tb_role_usuario (id_usuario, id_role) VALUES (1, 1);
INSERT INTO tb_role_usuario (id_usuario, id_role) VALUES (1, 2);
INSERT INTO tb_role_usuario (id_usuario, id_role) VALUES (2, 1);
INSERT INTO tb_role_usuario (id_usuario, id_role) VALUES (3, 1);
INSERT INTO tb_role_usuario (id_usuario, id_role) VALUES (4, 1);
INSERT INTO tb_role_usuario (id_usuario, id_role) VALUES (5, 1);
INSERT INTO tb_role_usuario (id_usuario, id_role) VALUES (6, 1);
INSERT INTO tb_role_usuario (id_usuario, id_role) VALUES (7, 1);
INSERT INTO tb_role_usuario (id_usuario, id_role) VALUES (8, 1);
INSERT INTO tb_role_usuario (id_usuario, id_role) VALUES (9, 1);
INSERT INTO tb_role_usuario (id_usuario, id_role) VALUES (10, 1);
INSERT INTO tb_role_usuario (id_usuario, id_role) VALUES (11, 1);
INSERT INTO tb_role_usuario (id_usuario, id_role) VALUES (12, 1);
INSERT INTO tb_role_usuario (id_usuario, id_role) VALUES (13, 1);
INSERT INTO tb_role_usuario (id_usuario, id_role) VALUES (14, 1);
